{
    "global_rate": 37.82441623561122,
    "rate": 37.82413433286697,
    "samples_per_sec": 37.82441623561122,
    "total_samples": 120.0,
    "total_time": 3.172620625
}